{
    "none": {
        "center": [30.7356333, -87.5335333],
        "zoom": 6.5
    },
    "ar": {
        "center": [34.8678092592702, -92.18604897502838],
        "zoom": 8
    },
    "fl": {
        "center": [27.928143242325344, -83.76762758207776],
        "zoom": 7.5
    },
    "ms": {
        "center": [32.76367603153056, -89.72343828465182],
        "zoom": 7.75
    }   
}